video,seed=0,optimize all
coke11,0.883395,0.910723
david,0.800847,0.6877
faceocc,0.853354,0.811798
faceocc2,0.790128,0.812281
girl,0.681729,0.635767
sylv,0.861525,0.86342
tiger1,0.674713,0.675291
tiger2,0.667268,0.759892
