video,seed=1977,seed=1980,seed=2013,seed=2015,seed=3102,median result
coke11,0.906674,0.922782,0.904148,0.870502,0.871956,=MEDIAN(B2:F2)
david,0.550687,0.864909,0.585519,0.859599,0.863531,=MEDIAN(B3:F3)
faceocc,0.859659,0.852675,0.861931,0.860339,0.86232,=MEDIAN(B4:F4)
faceocc2,0.803073,0.804709,0.794886,0.803382,0.802151,=MEDIAN(B5:F5)
girl,0.685557,0.681433,0.683825,0.68416,0.682321,=MEDIAN(B6:F6)
sylv,0.860198,0.846913,0.859911,0.857781,0.859849,=MEDIAN(B7:F7)
tiger1,0.76964,0.696984,0.745427,0.762665,0.682133,=MEDIAN(B8:F8)
tiger2,0.649998,0.690197,0.684835,0.717772,0.688678,=MEDIAN(B9:F9)
